{"sequence":"TCGCTGATTGCTAGCACAGCAGTCTGAGATCAAACTGCAAGGCGGCAGCGAGGCTGGGGGAGGGGCGCCCGCCATTGCCCAGGCTTGATTAGGTAAACAAAG","logits":null,"sampled_probs":[0.9952520132064819,0.9702199697494507,0.9651710987091064,0.9902723431587219,0.9940652847290039,0.9914518594741821,0.9947348833084106,0.9897240400314331,0.9950566291809082,0.994780957698822,0.9947552680969238,0.995223343372345,0.9383565187454224,0.9891295433044434,0.9934138655662537,0.9942761063575745,0.9906829595565796,0.9931080341339111,0.9957148432731628,0.9953228831291199,0.991393506526947,0.9937455654144287,0.9933472871780396,0.9925462603569031,0.9925853610038757,0.9946407079696655,0.9958011507987976,0.9955523610115051,0.9937506318092346,0.9948220252990723,0.9881162643432617,0.9956158399581909,0.9953216910362244,0.9676457643508911,0.9928434491157532,0.9740027189254761,0.9915306568145752,0.9933131337165833,0.994236171245575,0.991731584072113,0.9911744594573975,0.9908472299575806,0.9548335671424866,0.8907442688941956,0.987800121307373,0.9920713305473328,0.9914553761482239,0.9761517643928528,0.9438796639442444,0.9410194754600525,0.9921971559524536,0.9923809170722961,0.991084098815918,0.9917136430740356,0.9888779520988464,0.9895981550216675,0.9828663468360901,0.9892652034759521,0.9890194535255432,0.9637868404388428,0.993822455406189,0.9908244609832764,0.992743968963623,0.9943704009056091,0.9822080731391907,0.9573405981063843,0.971794068813324,0.9892232418060303,0.9928162097930908,0.9623396396636963,0.9669686555862427,0.9949532151222229,0.9950399994850159,0.9922806620597839,0.9938660264015198,0.993054211139679,0.9900417327880859,0.9929444193840027,0.9877648949623108,0.9851136207580566,0.9902386665344238,0.9947119951248169,0.9901102185249329,0.9894136190414429,0.990440845489502,0.9904113411903381,0.9768564105033875,0.33863335847854614,0.989823043346405,0.9930378794670105,0.8750344514846802,0.9899933934211731,0.9923336505889893,0.9942991733551025,0.9949707388877869,0.9972618818283081,0.9961870312690735,0.9900307655334473,0.9946118593215942,0.9914234280586243,0.9959355592727661,0.9928560256958008],"elapsed_ms":8662,"elapsed_ms_per_token":null}